Sim. Command,qchannel,dist,ber
project/sim_ext.py --sim-time 0.5 --seq-graph project/file/graph_15_nodes.json --traffic project/file/traffic_15_nodes_net.json --inspection-rate 0.001 --mess-rate 0.002 --algorithm centflow,qchannel0_0to1,4000,0.4073172025114146
project/sim_ext.py --sim-time 0.5 --seq-graph project/file/graph_15_nodes.json --traffic project/file/traffic_15_nodes_net.json --inspection-rate 0.001 --mess-rate 0.002 --algorithm centflow,qchannel1_0to2,4000,0.35667540777860024
project/sim_ext.py --sim-time 0.5 --seq-graph project/file/graph_15_nodes.json --traffic project/file/traffic_15_nodes_net.json --inspection-rate 0.001 --mess-rate 0.002 --algorithm centflow,qchannel2_0to3,4000,0.3926460444191472
project/sim_ext.py --sim-time 0.5 --seq-graph project/file/graph_15_nodes.json --traffic project/file/traffic_15_nodes_net.json --inspection-rate 0.001 --mess-rate 0.002 --algorithm centflow,qchannel3_0to4,4000,0.27828172217309155
project/sim_ext.py --sim-time 0.5 --seq-graph project/file/graph_15_nodes.json --traffic project/file/traffic_15_nodes_net.json --inspection-rate 0.001 --mess-rate 0.002 --algorithm centflow,qchannel4_0to12,4000,0.29367919912004753
project/sim_ext.py --sim-time 0.5 --seq-graph project/file/graph_15_nodes.json --traffic project/file/traffic_15_nodes_net.json --inspection-rate 0.001 --mess-rate 0.002 --algorithm centflow,qchannel0_1to0,4000,0.3213026222765507
project/sim_ext.py --sim-time 0.5 --seq-graph project/file/graph_15_nodes.json --traffic project/file/traffic_15_nodes_net.json --inspection-rate 0.001 --mess-rate 0.002 --algorithm centflow,qchannel5_1to2,4000,0.28703773047964254
project/sim_ext.py --sim-time 0.5 --seq-graph project/file/graph_15_nodes.json --traffic project/file/traffic_15_nodes_net.json --inspection-rate 0.001 --mess-rate 0.002 --algorithm centflow,qchannel6_1to3,4000,0.3619044998950598
project/sim_ext.py --sim-time 0.5 --seq-graph project/file/graph_15_nodes.json --traffic project/file/traffic_15_nodes_net.json --inspection-rate 0.001 --mess-rate 0.002 --algorithm centflow,qchannel1_2to0,4000,0.3700613225506334
project/sim_ext.py --sim-time 0.5 --seq-graph project/file/graph_15_nodes.json --traffic project/file/traffic_15_nodes_net.json --inspection-rate 0.001 --mess-rate 0.002 --algorithm centflow,qchannel5_2to1,4000,0.38087426378471556
project/sim_ext.py --sim-time 0.5 --seq-graph project/file/graph_15_nodes.json --traffic project/file/traffic_15_nodes_net.json --inspection-rate 0.001 --mess-rate 0.002 --algorithm centflow,qchannel7_2to3,4000,0.35362477107496815
project/sim_ext.py --sim-time 0.5 --seq-graph project/file/graph_15_nodes.json --traffic project/file/traffic_15_nodes_net.json --inspection-rate 0.001 --mess-rate 0.002 --algorithm centflow,qchannel8_2to5,4000,0.3402549938151895
project/sim_ext.py --sim-time 0.5 --seq-graph project/file/graph_15_nodes.json --traffic project/file/traffic_15_nodes_net.json --inspection-rate 0.001 --mess-rate 0.002 --algorithm centflow,qchannel9_2to8,4000,0.35886786450922903
project/sim_ext.py --sim-time 0.5 --seq-graph project/file/graph_15_nodes.json --traffic project/file/traffic_15_nodes_net.json --inspection-rate 0.001 --mess-rate 0.002 --algorithm centflow,qchannel10_2to9,4000,0.37308799052391506
project/sim_ext.py --sim-time 0.5 --seq-graph project/file/graph_15_nodes.json --traffic project/file/traffic_15_nodes_net.json --inspection-rate 0.001 --mess-rate 0.002 --algorithm centflow,qchannel2_3to0,4000,0.3499975023493004
project/sim_ext.py --sim-time 0.5 --seq-graph project/file/graph_15_nodes.json --traffic project/file/traffic_15_nodes_net.json --inspection-rate 0.001 --mess-rate 0.002 --algorithm centflow,qchannel6_3to1,4000,0.35186643612919427
project/sim_ext.py --sim-time 0.5 --seq-graph project/file/graph_15_nodes.json --traffic project/file/traffic_15_nodes_net.json --inspection-rate 0.001 --mess-rate 0.002 --algorithm centflow,qchannel7_3to2,4000,0.3668714264373779
project/sim_ext.py --sim-time 0.5 --seq-graph project/file/graph_15_nodes.json --traffic project/file/traffic_15_nodes_net.json --inspection-rate 0.001 --mess-rate 0.002 --algorithm centflow,qchannel11_3to4,4000,0.3681165972483252
project/sim_ext.py --sim-time 0.5 --seq-graph project/file/graph_15_nodes.json --traffic project/file/traffic_15_nodes_net.json --inspection-rate 0.001 --mess-rate 0.002 --algorithm centflow,qchannel12_3to5,4000,0.3927191703546976
project/sim_ext.py --sim-time 0.5 --seq-graph project/file/graph_15_nodes.json --traffic project/file/traffic_15_nodes_net.json --inspection-rate 0.001 --mess-rate 0.002 --algorithm centflow,qchannel13_3to6,4000,0.3210247056391148
project/sim_ext.py --sim-time 0.5 --seq-graph project/file/graph_15_nodes.json --traffic project/file/traffic_15_nodes_net.json --inspection-rate 0.001 --mess-rate 0.002 --algorithm centflow,qchannel14_3to10,4000,0.295693060424418
project/sim_ext.py --sim-time 0.5 --seq-graph project/file/graph_15_nodes.json --traffic project/file/traffic_15_nodes_net.json --inspection-rate 0.001 --mess-rate 0.002 --algorithm centflow,qchannel15_3to13,4000,0.3527894773357303
project/sim_ext.py --sim-time 0.5 --seq-graph project/file/graph_15_nodes.json --traffic project/file/traffic_15_nodes_net.json --inspection-rate 0.001 --mess-rate 0.002 --algorithm centflow,qchannel3_4to0,4000,0.35529876691930956
project/sim_ext.py --sim-time 0.5 --seq-graph project/file/graph_15_nodes.json --traffic project/file/traffic_15_nodes_net.json --inspection-rate 0.001 --mess-rate 0.002 --algorithm centflow,qchannel11_4to3,4000,0.34651870570715737
project/sim_ext.py --sim-time 0.5 --seq-graph project/file/graph_15_nodes.json --traffic project/file/traffic_15_nodes_net.json --inspection-rate 0.001 --mess-rate 0.002 --algorithm centflow,qchannel16_4to5,4000,0.3674376242542756
project/sim_ext.py --sim-time 0.5 --seq-graph project/file/graph_15_nodes.json --traffic project/file/traffic_15_nodes_net.json --inspection-rate 0.001 --mess-rate 0.002 --algorithm centflow,qchannel17_4to6,4000,0.39501890792332095
project/sim_ext.py --sim-time 0.5 --seq-graph project/file/graph_15_nodes.json --traffic project/file/traffic_15_nodes_net.json --inspection-rate 0.001 --mess-rate 0.002 --algorithm centflow,qchannel18_4to7,4000,0.34338558098916083
project/sim_ext.py --sim-time 0.5 --seq-graph project/file/graph_15_nodes.json --traffic project/file/traffic_15_nodes_net.json --inspection-rate 0.001 --mess-rate 0.002 --algorithm centflow,qchannel19_4to14,4000,0.3703150443294861
project/sim_ext.py --sim-time 0.5 --seq-graph project/file/graph_15_nodes.json --traffic project/file/traffic_15_nodes_net.json --inspection-rate 0.001 --mess-rate 0.002 --algorithm centflow,qchannel8_5to2,4000,0.3564392239508174
project/sim_ext.py --sim-time 0.5 --seq-graph project/file/graph_15_nodes.json --traffic project/file/traffic_15_nodes_net.json --inspection-rate 0.001 --mess-rate 0.002 --algorithm centflow,qchannel12_5to3,4000,0.3943891934580789
project/sim_ext.py --sim-time 0.5 --seq-graph project/file/graph_15_nodes.json --traffic project/file/traffic_15_nodes_net.json --inspection-rate 0.001 --mess-rate 0.002 --algorithm centflow,qchannel16_5to4,4000,0.350368542007162
project/sim_ext.py --sim-time 0.5 --seq-graph project/file/graph_15_nodes.json --traffic project/file/traffic_15_nodes_net.json --inspection-rate 0.001 --mess-rate 0.002 --algorithm centflow,qchannel20_5to6,4000,0.3101335877877279
project/sim_ext.py --sim-time 0.5 --seq-graph project/file/graph_15_nodes.json --traffic project/file/traffic_15_nodes_net.json --inspection-rate 0.001 --mess-rate 0.002 --algorithm centflow,qchannel21_5to11,4000,0.3816251557058723
project/sim_ext.py --sim-time 0.5 --seq-graph project/file/graph_15_nodes.json --traffic project/file/traffic_15_nodes_net.json --inspection-rate 0.001 --mess-rate 0.002 --algorithm centflow,qchannel13_6to3,4000,0.3570260828386279
project/sim_ext.py --sim-time 0.5 --seq-graph project/file/graph_15_nodes.json --traffic project/file/traffic_15_nodes_net.json --inspection-rate 0.001 --mess-rate 0.002 --algorithm centflow,qchannel17_6to4,4000,0.31520522337664136
project/sim_ext.py --sim-time 0.5 --seq-graph project/file/graph_15_nodes.json --traffic project/file/traffic_15_nodes_net.json --inspection-rate 0.001 --mess-rate 0.002 --algorithm centflow,qchannel20_6to5,4000,0.29595269390380197
project/sim_ext.py --sim-time 0.5 --seq-graph project/file/graph_15_nodes.json --traffic project/file/traffic_15_nodes_net.json --inspection-rate 0.001 --mess-rate 0.002 --algorithm centflow,qchannel18_7to4,4000,0.40228613945172775
project/sim_ext.py --sim-time 0.5 --seq-graph project/file/graph_15_nodes.json --traffic project/file/traffic_15_nodes_net.json --inspection-rate 0.001 --mess-rate 0.002 --algorithm centflow,qchannel9_8to2,4000,0.3744260861969079
project/sim_ext.py --sim-time 0.5 --seq-graph project/file/graph_15_nodes.json --traffic project/file/traffic_15_nodes_net.json --inspection-rate 0.001 --mess-rate 0.002 --algorithm centflow,qchannel10_9to2,4000,0.33248103499472503
project/sim_ext.py --sim-time 0.5 --seq-graph project/file/graph_15_nodes.json --traffic project/file/traffic_15_nodes_net.json --inspection-rate 0.001 --mess-rate 0.002 --algorithm centflow,qchannel14_10to3,1000,0.0
project/sim_ext.py --sim-time 0.5 --seq-graph project/file/graph_15_nodes.json --traffic project/file/traffic_15_nodes_net.json --inspection-rate 0.001 --mess-rate 0.002 --algorithm centflow,qchannel21_11to5,4000,0.3802023960760455
project/sim_ext.py --sim-time 0.5 --seq-graph project/file/graph_15_nodes.json --traffic project/file/traffic_15_nodes_net.json --inspection-rate 0.001 --mess-rate 0.002 --algorithm centflow,qchannel4_12to0,4000,0.3215661104152784
project/sim_ext.py --sim-time 0.5 --seq-graph project/file/graph_15_nodes.json --traffic project/file/traffic_15_nodes_net.json --inspection-rate 0.001 --mess-rate 0.002 --algorithm centflow,qchannel15_13to3,4000,0.3601339594819482
project/sim_ext.py --sim-time 0.5 --seq-graph project/file/graph_15_nodes.json --traffic project/file/traffic_15_nodes_net.json --inspection-rate 0.001 --mess-rate 0.002 --algorithm centflow,qchannel19_14to4,4000,0.3838242917184526
